{
  "budget_4": {
    "vanilla_correct": 6,
    "planning_correct": 2,
    "vanilla_total": 30,
    "planning_total": 30,
    "vanilla_errors": 0,
    "planning_errors": 0,
    "vanilla_scores": [
      0.8907549823197769,
      0.0018072647689339632,
      0.957742419963381,
      0.383849999634549,
      0.004226746632696177,
      0.04488065434850985,
      0.02006812159015218,
      0.5962127074599266,
      0.99609375,
      0.05666082724928856,
      0.9844207763671875,
      0.0034116155007399888,
      0.031453140384946655,
      0.20965870065083436,
      0.11002755521403174,
      0.0027910188989604527,
      0.000945674255490303,
      0.19178289543120286,
      0.0016472561401315033,
      0.20014203393135738,
      0.30801729980665726,
      0.0015972405643490909,
      0.013507804233995557,
      0.0036284847126921704,
      0.09108868252951652,
      0.053658016642051234,
      0.0006556752097888752,
      0.0015563441113147101,
      0.007938084923466704,
      0.06636170951219711
    ],
    "planning_scores": [
      0.27090938381353263,
      0.005139444023370743,
      0.8799224303558617,
      0.34868121685576625,
      0.0029280105725460904,
      0.0115268191661239,
      0.02803251995970868,
      0.0038745047511834496,
      0.9922027587890625,
      0.3869522063367665,
      0.10457038879394531,
      0.0015393441599775317,
      0.000476999022961726,
      0.06899572692919041,
      0.009848887723868376,
      0.0624132401451237,
      0.023918887542095035,
      0.07323715713587475,
      0.004610657379089389,
      0.11644936596772482,
      0.0003674047591255452,
      0.00017517136307681818,
      0.002734390422119759,
      0.004897088368066259,
      0.0002739092426808402,
      0.030613551002720955,
      0.060075049734223285,
      6.680456047547523e-05,
      0.02793343714641086,
      0.019906839320814683
    ],
    "vanilla_times": [
      16.793946981430054,
      12.08414340019226,
      9.464717626571655,
      8.73183536529541,
      7.136090517044067,
      13.174784898757935,
      8.706355333328247,
      12.964178562164307,
      6.655577182769775,
      10.921836137771606,
      7.01851487159729,
      9.70503854751587,
      12.895789623260498,
      15.11216115951538,
      5.952665567398071,
      21.216148614883423,
      10.478999853134155,
      5.502746820449829,
      6.2656238079071045,
      6.82307243347168,
      8.97162127494812,
      8.538252592086792,
      10.243102788925171,
      12.308577299118042,
      23.981833696365356,
      6.70093560218811,
      6.458401679992676,
      10.715418577194214,
      7.1712164878845215,
      9.265925168991089
    ],
    "planning_times": [
      15.214545965194702,
      12.509737491607666,
      9.039281129837036,
      9.266060590744019,
      7.650682687759399,
      12.864413022994995,
      6.7228474617004395,
      11.814620018005371,
      8.502925157546997,
      8.784551620483398,
      10.493485450744629,
      10.251863718032837,
      11.007767677307129,
      11.974241256713867,
      7.173144102096558,
      18.95345163345337,
      11.656628370285034,
      6.881086349487305,
      9.561140060424805,
      5.908292055130005,
      12.260477304458618,
      8.421274185180664,
      9.22079062461853,
      7.949459791183472,
      11.134727954864502,
      12.431302070617676,
      7.828593492507935,
      11.655603408813477,
      9.008208751678467,
      9.580974102020264
    ],
    "score_improvements": [
      -0.6198455985062443,
      0.0033321792544367796,
      -0.07781998960751935,
      -0.03516878277878277,
      -0.0012987360601500863,
      -0.03335383518238595,
      0.007964398369556501,
      -0.5923382027087432,
      -0.0038909912109375,
      0.33029137908747797,
      -0.8798503875732422,
      -0.001872271340762457,
      -0.03097614136198493,
      -0.14066297372164394,
      -0.10017866749016335,
      0.059622221246163246,
      0.022973213286604732,
      -0.1185457382953281,
      0.0029634012389578857,
      -0.08369266796363256,
      -0.3076498950475317,
      -0.0014220692012722727,
      -0.010773413811875798,
      0.0012686036553740884,
      -0.09081477328683568,
      -0.02304446563933028,
      0.05941937452443441,
      -0.001489539550839235,
      0.019995352222944157,
      -0.046454870191382426
    ],
    "time_overheads": [
      -1.5794010162353516,
      0.4255940914154053,
      -0.42543649673461914,
      0.5342252254486084,
      0.514592170715332,
      -0.31037187576293945,
      -1.9835078716278076,
      -1.1495585441589355,
      1.8473479747772217,
      -2.137284517288208,
      3.474970579147339,
      0.5468251705169678,
      -1.8880219459533691,
      -3.1379199028015137,
      1.2204785346984863,
      -2.2626969814300537,
      1.177628517150879,
      1.3783395290374756,
      3.2955162525177,
      -0.9147803783416748,
      3.288856029510498,
      -0.11697840690612793,
      -1.0223121643066406,
      -4.35911750793457,
      -12.847105741500854,
      5.730366468429565,
      1.3701918125152588,
      0.9401848316192627,
      1.8369922637939453,
      0.3150489330291748
    ]
  },
  "budget_8": {
    "vanilla_correct": 4,
    "planning_correct": 5,
    "vanilla_total": 30,
    "planning_total": 30,
    "vanilla_errors": 0,
    "planning_errors": 0,
    "vanilla_scores": [
      0.3600687323508034,
      0.17788736724311724,
      0.8011439158915437,
      0.19342941728765176,
      0.0017635516070017574,
      0.0569143610541271,
      0.06339657556606726,
      0.07843183532787296,
      0.99609375,
      0.03754048049449921,
      0.8635462470007645,
      0.08115684501097675,
      0.8109250579675576,
      0.004314081156531264,
      0.03478317912094705,
      0.2301777936231034,
      0.09183345625812818,
      0.1612611420500798,
      0.27074291771537273,
      0.18105366615827734,
      0.04677772521972656,
      0.047341082108531586,
      0.2292385697364807,
      0.18782854303260876,
      0.02469233297150346,
      0.30117895312968823,
      0.05075526416455922,
      0.0007541801638481353,
      0.007336593000679878,
      0.07472103247698314
    ],
    "planning_scores": [
      0.7074090256693312,
      0.011290814727544785,
      0.9271590485695924,
      0.08143153353607602,
      0.001322988401440961,
      0.07552281635280922,
      0.055712681106844776,
      0.8016227977350354,
      1.0,
      0.2200819609864658,
      0.941802978515625,
      0.11297410233179761,
      0.884233199934914,
      0.08602929482696808,
      0.023196620066723874,
      0.004881468088252806,
      0.2380300150206803,
      0.21288228282642763,
      0.3743015869986266,
      0.0928166238591075,
      0.07878897295404742,
      0.017663742661950393,
      0.06303082943783396,
      0.06159485824458465,
      0.014421489101460567,
      0.050910396741337946,
      0.003089488201837497,
      0.059146308022294446,
      0.007728840839352598,
      0.007551407949848866
    ],
    "vanilla_times": [
      32.42033338546753,
      29.325762271881104,
      17.799019813537598,
      21.223148345947266,
      15.714472770690918,
      28.319647312164307,
      12.285521984100342,
      24.387295722961426,
      13.728508949279785,
      19.926424503326416,
      19.828645706176758,
      21.25478196144104,
      36.06527352333069,
      30.409444332122803,
      11.755603075027466,
      30.612205982208252,
      30.17914342880249,
      12.61820912361145,
      12.56020474433899,
      14.078357696533203,
      20.90455913543701,
      19.183089017868042,
      22.01524019241333,
      18.203958988189697,
      32.71024560928345,
      15.679231882095337,
      19.086646795272827,
      27.187421798706055,
      14.119162797927856,
      21.815375566482544
    ],